{"russian": 0.31235790812934283, "online": 0.3090025904166396, "israeli": 0.2796747373430745, "anymore": 0.2672855541095487, "fastest": 0.2562626998333144, "robotic": 0.23088280457886867, "approximately hours": 0.1871631808062375, "sunny italy": 0.18224484775128075, "bjorn": 0.18131983426765305, "last month": 0.17963641836395255, "past weekend": 0.1685766125373491, "earlier": 0.1669087469781516, "thought century": 0.15646391362921955, "last week": 0.15621993827880942, "lately day": 0.13688871045532222, "multi": 0.12820881296647713, "mid century": 0.12024260175530799, "next week": 0.11453355303638091, "last wednesday": 0.11321880110699567, "last night": 0.11196279803662036, "new cartoon": 0.1056427533386258, "lowest": 0.1044247491767497, "last summer": 0.10341337980627854, "next year": 0.10313305915562004, "tallest": 0.0995078748501328, "earlier sunday": 0.0993409599923325, "statewide": 0.09925488546096721, "kinda": 0.09741189893247792, "saudi": 0.09696873639950354, "australian": 0.09582490242973325, "british": 0.09537936050726689, "greatest": 0.09372305688884808, "later today": 0.09236632568968162, "sixth avenue": 0.09214711271376402, "first quarter": 0.09127010411268766, "proud": 0.09071016915186192, "christian": 0.09070727165448121, "next morning": 0.09038079836969509, "last year": 0.0902991039093606, "trent": 0.09011844477698835, "biblical": 0.08985629348899238, "recent years": 0.08644414601468609, "anytime": 0.08610050254612682, "less week later": 0.08546348210938959, "worldwide": 0.0845335603323938, "european": 0.08402751156245358, "earlier evening": 0.08363453088062803, "last minute": 0.0825087178389887, "next month": 0.0823505852631106, "later friday": 0.08229821569548221, "early thursday": 0.0809864086622838, "early morning": 0.08085691581460802, "earlier day": 0.08074959879256008, "prior year": 0.07950644677330274, "third august july": 0.0784555268884362, "earlier month": 0.07668056993497885, "last days": 0.07612533117285888, "earlier today": 0.07575197097721471, "tapachula mexican": 0.07563278727684519, "early hours": 0.07415489395110247, "larger": 0.07386892281352876, "earlier year": 0.07346006158865248, "fourth july": 0.07319022687553939, "earlier week": 0.0728787598223424, "mid afternoon": 0.07235265174313099, "caribbean": 0.07205147205260778, "somewhere hours": 0.07192230870168714, "british newspaper": 0.07166846672020433, "single month": 0.07147031062589425, "stronger": 0.07066958112409338, "largest": 0.07065271462670353, "wider": 0.07016799831035314, "second quarter percent": 0.06901018213405526, "broader": 0.06867282824532595, "blonde cartoon": 0.06866544613252416, "asian": 0.06571133067440574, "last weeks": 0.06560700630539298, "past month": 0.06527678078782628, "mosley mph mph zone": 0.06503624308537409, "shadowy group": 0.06489237184714944, "ukrainian": 0.0640413938126585, "turkish newspaper": 0.06195341783109204, "hispanic": 0.06153876056669105, "average million": 0.06000247450174356, "challenging": 0.059247438664897345, "almost feet": 0.05890113323619062, "second day": 0.05881713615449638, "meantime": 0.05865737876949212, "roughly half": 0.05811231703496776, "heaviest": 0.057486773483105935, "deepest": 0.05737140602290738, "first time years": 0.05726440404638803, "hardest": 0.056766382657224314, "late summer": 0.056191002879924595, "ironic": 0.05616518695023842, "last decade": 0.05566660167958985, "middle night": 0.05536018176098878, "several hours": 0.055208980298569424, "nearly months": 0.05509559617305915, "roughly less million": 0.05473480803102287}