{"last month": 0.18735700667728486, "israeli": 0.17111229678994277, "multicultural": 0.17081671947380528, "last week": 0.13650121526249373, "past weeks": 0.1157905206117513, "greatest": 0.10553077898245981, "online": 0.10397938724694826, "saudi": 0.09920209610663733, "hispanic": 0.08976143144296758, "hottest": 0.07935979576312746, "recent hour": 0.07776540961640421, "frustrating": 0.0774530220151064, "earlier today": 0.07547513710990206, "meantime": 0.07056140758517618, "deeper": 0.06323049450656981, "lowest": 0.06208657255774597, "spanish": 0.06092465538413238, "earlier month": 0.05379969206114765, "russian": 0.053735684596176725, "proud": 0.052991132531315085, "late night": 0.05219598510593915, "past two days": 0.05135753605291308, "liberal daily": 0.050779466703061354, "bjorn": 0.05054371235604116, "primetime": 0.04946518873240764, "several weeks ago": 0.04601172398385339, "tense hour": 0.0459963669127319, "rican": 0.04434458148445996, "fastest": 0.04409947525164171, "multi": 0.04344810143157485, "closest associates": 0.04178469475300517, "prime day": 0.03947112467903935, "white teachers": 0.035837400559912524, "fifth season": 0.03548509408375599, "british": 0.03546982780126706, "ready send north korean": 0.034345473365647194, "recent weeks": 0.03016056858036653, "southern connecticut state university": 0.02791416983382078, "last thursday": 0.027838763643681905, "late tuesday": 0.027731384587241337, "last nights": 0.027692589135001888, "many days": 0.027226471531321295, "new day": 0.027084597030059537, "earlier week": 0.026770396564837137, "turbulent week": 0.026306188949092757, "newest": 0.026294388575479388, "red district": 0.026016513765077923, "later week": 0.025988277413082433, "nearly two years": 0.02574416964625319, "bipartisan group": 0.025686614013299233, "less three months later": 0.025479429328345043, "korean": 0.02489208965562284, "next year": 0.024633705223355458, "last friday": 0.0243468162836437, "late sunday": 0.024276425525085472, "asian": 0.02351421237302323, "australian": 0.02319561205770108, "brighter": 0.023163622961146758, "early sunday": 0.021889177070363305, "european": 0.02162196697961343, "late wednesday": 0.02131050018902493, "last april years old": 0.021150569312069847, "larger": 0.020561380523888926, "next week": 0.020029271788964118, "early sunday morning": 0.019956336511919897, "new report": 0.019736402325418033, "early june": 0.019487769061933242, "challenging": 0.019451998393036206, "lame duck": 0.018871217282144997, "early wednesday morning": 0.018665556803656124, "broader": 0.018595571732075353, "late friday night": 0.018457110127047316, "donnelly": 0.018138537616425154, "sebastian": 0.01806161860711141, "statewide": 0.018003503179640043, "early thursday": 0.01787733828781971, "early morning": 0.017708973700612515, "last november": 0.01762662619772168, "earlier saturday": 0.017601129937780728, "last years": 0.017496048472821712, "persian": 0.017346746602036143, "past weekend": 0.01718994410475716, "blue book environmental protection agency": 0.017033773220181403, "black sea": 0.016783371184983308, "last year": 0.01677944306301513, "unhinged republican national committee": 0.016652142246499812, "last weekend": 0.016433806891857076, "arguably": 0.016194247823607708, "youngest": 0.016120759393743356, "last two weeks": 0.015581628307700157, "last night": 0.015528745462440631, "early tuesday": 0.015443468105028536, "memorial day": 0.015359076318014156, "controversial painter illustrated kate century": 0.015326528658624739, "recent months": 0.015307694473969085, "poorer": 0.015100495249498636, "russian foreign ministry": 0.01491623680195614, "late thursday": 0.014777177457290236, "next month": 0.01470075148070464, "next tuesday": 0.01450517913326621}