{"venezuela": 0.6870465459971455, "sections": 0.5846577099437127, "feelings": 0.5560537037599715, "thoughts": 0.5552346993602745, "camille": 0.5330959164493834, "minutes": 0.5274058645009063, "riders": 0.5218823681525464, "workers": 0.5119497945997864, "helen": 0.49973875581054017, "glenn reynolds": 0.4995598367677303, "sarah hoyt": 0.49922322866041213, "stephen green": 0.49871324466948863, "helen smith": 0.49413013931916794, "gail heriot": 0.48255674437677953, "devices": 0.4740510103095273, "interests": 0.4733867224597065, "charts": 0.4621972089953488, "resources": 0.45136470035504317, "attorneys": 0.4498604858066149, "mega": 0.44795047144907585, "paris": 0.44475273571667456, "flynn": 0.4439463522121514, "bombers": 0.4386977690519416, "cyber": 0.43838016880181385, "licenses": 0.43140270773801603, "deals": 0.42661964797298424, "clinton": 0.4250736946196412, "senators": 0.42382477679833147, "hollywood": 0.4171740533623961, "issues": 0.4162389055272797, "mckenzie": 0.41425523177167634, "keith": 0.3958775249710824, "blog": 0.39161719459860417, "christmas": 0.3880004504356872, "photos": 0.37723263295776543, "saul": 0.37241220577167256, "richard": 0.37127202372357715, "supplements": 0.3699904695240548, "artists": 0.3697135085167247, "journalists": 0.36932569775672164, "lawyers": 0.3687973138221423, "lessons": 0.3676871764182579, "risks": 0.3673214074660791, "indonesia": 0.3612647116096923, "sales": 0.36094032949768007, "years": 0.3608683541533537, "results": 0.3532387852828833, "jerusalem": 0.3520542106052744, "sources": 0.3515877631325566, "cnn": 0.34523362704021565, "michelle": 0.3445283014261804, "mari": 0.3320878839076613, "experts": 0.3306418922584271, "google": 0.33062071312633634, "beirut": 0.3279815789701388, "fans": 0.327898156712763, "economies": 0.3229719658374961, "books": 0.32106297370773973, "comments": 0.3194003293696629, "futures": 0.3176672813733603, "benefits": 0.317520849614084, "demonstrations": 0.317114679792212, "england": 0.307249880857853, "steele": 0.3068373876467376, "responses": 0.30534667542913413, "drivers": 0.3028907468433317, "thieves": 0.30233194268657826, "hasn": 0.30188862764043733, "melvin": 0.3006479947216576, "emails": 0.29918562752209255, "children": 0.2980212967886473, "florida": 0.2960023761870616, "charges": 0.2936314296985074, "women": 0.2932975329167675, "speakers": 0.29217534548661206, "commissioners": 0.2861791250044397, "fees": 0.28531365894014016, "frederick florin": 0.2818073051069708, "products": 0.28086884414369706, "songs": 0.2802229950502806, "things": 0.2781820253910458, "carolyn": 0.278127064769044, "paulo": 0.27623693187995696, "standards": 0.27602248933544615, "sundays": 0.275876972838887, "continents": 0.2756131223504781, "politicians": 0.2738732458708237, "doctors": 0.2722362636704929, "friends": 0.27046437233730103, "considerations": 0.2697916157558211, "subjects": 0.26970987247262457, "owens": 0.2668194196276523, "words": 0.26633181038778275, "adults": 0.26622349412355106, "wonders": 0.26552082506350416, "charles": 0.2649603559893876, "maxi": 0.26494355653024587, "leaders": 0.26413118528580526, "ethan ralph": 0.2639822955516138, "schools": 0.2637083311492461}