{"readers": 0.4194539080077675, "knees": 0.3252448900966556, "colleagues": 0.2920030092354864, "chances": 0.2900914973849597, "others": 0.2595567320238776, "trump supporter": 0.2492504606525472, "burger": 0.2443520745873684, "critics": 0.23956914085283643, "opinions": 0.22336829617828746, "democrats": 0.22227770520476042, "numbers": 0.2151557768083876, "fans": 0.21462847213149416, "networks": 0.20896439593670948, "influences": 0.20753143417914544, "palestinian": 0.20740048717198079, "cortes": 0.20698308990358782, "senators": 0.2029476929055507, "emilia": 0.19825747569120722, "websites": 0.19579048280332548, "politicians": 0.18829052697647175, "women": 0.1848712579224957, "florida": 0.18285970362679413, "officials": 0.18020083711016924, "students": 0.17991798021830618, "players": 0.17825231899041682, "allegations": 0.17683610438507458, "theorists": 0.17585691397835035, "jones": 0.17473285319647403, "superstar": 0.17128765805318835, "candidates": 0.17113818865288363, "issues": 0.1702833933580093, "demo": 0.16914160056430436, "legislators": 0.16538799357167683, "primaries": 0.16104993505680743, "books": 0.15983399047308922, "jamie": 0.15941479357570643, "iran": 0.15789161753491499, "facebook": 0.1578778526765139, "harvard": 0.15444001856456016, "devices": 0.15320585668087006, "slaves": 0.14852660475298762, "gates": 0.1471906341612339, "doug": 0.14556628800866228, "christine": 0.14466049996917718, "girlfriend": 0.1434301976658707, "games": 0.1431681059094934, "donald trump": 0.1429104111140467, "matt lauer": 0.14237167321698507, "races": 0.14182999179138278, "sources": 0.14180992840688472, "attacks": 0.14001384620847343, "protests": 0.13987247506156564, "friends": 0.13842613580033816, "cory": 0.13729301634584629, "ufc fighter": 0.13696019182316377, "observations": 0.13649315382281202, "theories": 0.13629293980193324, "glands": 0.13461218468728475, "authorities": 0.13319401897092575, "names": 0.1321287845042712, "seneca county": 0.13208898976129907, "sykes": 0.13197408709675074, "sussex": 0.12859366738121025, "alabama": 0.12851568253245205, "miami": 0.12820557878973582, "parties": 0.12729165778728202, "stanley": 0.12726593709502604, "jacobs": 0.12714245356619358, "editors": 0.12624140872598535, "fluids": 0.12593380780162988, "kids": 0.12459984561428428, "schools": 0.12401164619627468, "bryan": 0.1236096156280837, "senate committee": 0.1235719941323623, "rico": 0.12328801399790958, "chicago": 0.12319877266418189, "jim vandehei": 0.12279215097521501, "richard branson": 0.12267637083732552, "forms": 0.12254532966016995, "guests": 0.12206379331123787, "nikolai": 0.12154349947741139, "tumors": 0.12142576243059011, "movies": 0.12105880444869399, "internet": 0.12071169761475176, "investigators": 0.11965485173089624, "protesters": 0.11867952829113143, "july holiday": 0.1185438871907536, "richard": 0.11762366985482967, "ben shapiro": 0.11720051513111684, "results": 0.11659641436199308, "blog": 0.11527488808496855, "indicators": 0.11502861538610887, "citizens": 0.1149102787123251, "classmates": 0.11448517325334251, "keepers": 0.1144240009302545, "white house": 0.11425262875854969, "october day": 0.11249399831831397, "brian kemp": 0.11223425083160345, "obama": 0.11174006208420906, "republicans": 0.11130892395158298}