{"didn": 0.37461073930048777, "showed": 0.3577730643301038, "proves": 0.35734433760626416, "offered": 0.340583679651445, "sees": 0.31058260190911824, "wins": 0.28712137713228003, "reeling": 0.2600131105282344, "hiding": 0.24380374168140406, "reaches": 0.24253682617563754, "says": 0.23811727282009088, "helped": 0.2380894956368138, "shows": 0.2219795557903126, "means": 0.22192783198261168, "explained": 0.2206300526546733, "doubles": 0.21226333267986774, "reached": 0.20127143090809113, "shared": 0.19317061253582407, "mainstream": 0.19210438379377592, "calls": 0.1916441640797786, "rallies": 0.1875142864882946, "betrayed": 0.1852965132056852, "marks": 0.18455560191068798, "dedicated": 0.17807462205850502, "observed": 0.17140343291976023, "claimed": 0.1705643907407648, "defended": 0.16627607312329928, "struggled": 0.16603875458531547, "reported": 0.16428937445016345, "reports": 0.1573863945571482, "leads": 0.15583797149065504, "lives": 0.1535502907281625, "released": 0.14988766195853845, "focused": 0.14959502732381225, "adding": 0.14355646092856963, "sounds": 0.14326136937597767, "inaugurated": 0.14297995759711957, "promised": 0.13703485900024295, "seems": 0.1356542083580684, "wraps": 0.1356542083580684, "staying": 0.13103028402489145, "refused": 0.12901348788925723, "tells": 0.12835346737774672, "reminded": 0.1277315315304063, "played": 0.12625364161795005, "announced": 0.12432643873034976, "dismantled": 0.12366028688848019, "claiming": 0.12023293961101444, "began": 0.11973149993187629, "asked": 0.11785524565179195, "reacts": 0.11777052824618295, "aired": 0.11722711968215425, "jared": 0.11635357000221516, "criticized": 0.11547919420991093, "attempting": 0.11465995985781774, "consists": 0.11361558678522651, "rejected": 0.11335344379109474, "heads": 0.1123656625240983, "talks": 0.11201759716891918, "called": 0.1083362227636826, "returning": 0.1082827939130766, "wants": 0.10663410784400185, "doesn": 0.10368830745574087, "citing": 0.10319965676171705, "defeated": 0.10251403728761943, "shocked": 0.1006817304296419, "dies": 0.10050894983578473, "knows": 0.09984376428183168, "delivering": 0.09871101489989087, "lies": 0.09853789402580636, "played handball": 0.09814445733718458, "remembers": 0.09644520939173162, "published": 0.0950232349957029, "moves": 0.09387877234257758, "creates": 0.091814001367311, "diagnosed": 0.08981791567930486, "surprised": 0.08925420086360247, "illustrated": 0.08877984619679269, "reporting": 0.08733991783755343, "referred": 0.0865320991221086, "passed": 0.0853529797386173, "engulfed": 0.08465178343436232, "syndicated": 0.08464915695757164, "ripped": 0.08366647374387484, "discusses": 0.0835385185710038, "thinks": 0.08201350399758667, "promises": 0.08151676352687598, "fleeing": 0.08089751910948609, "completed": 0.07930207100981433, "wears": 0.07908915496657193, "tossed": 0.07853647216412468, "explodes": 0.07659422858341713, "email": 0.07531125566310948, "funding": 0.07424760004505515, "steals": 0.0740641704906011, "looked": 0.07395550422474376, "elected": 0.07389414106814328, "merits": 0.07388697063834115, "warned": 0.07351585530381675, "liked": 0.07264482578925359, "likes": 0.07248630933463573}