{"share hill": 0.2611892953282222, "facebook": 0.25218128266569695, "shares": 0.22437749102763418, "clinton": 0.2179537694901228, "chances": 0.1736599140295814, "lawyers": 0.16294481388385484, "republicans": 0.1481665899168134, "thousands": 0.14608012503595091, "california": 0.1308014202487274, "members": 0.1298156080974877, "reuters": 0.12405654635619033, "investors": 0.12277937447499043, "officials": 0.12159835828697396, "donald trump": 0.1203400496942777, "donald tonight": 0.1175308006349951, "dr patrick": 0.11526995002908783, "regulators": 0.11256230836806935, "https youtu": 0.10912195665832769, "savannah": 0.1082962436885282, "daniel greenfield": 0.10240641180280363, "alan futerfas": 0.10036569652882116, "activists": 0.094629675941178, "brian k sullivan bloomberg httpwwwbloombergcomnewsarticlessolarwindsspurgeomagneticstormthatmayaffectpowerlines": 0.09315422682313083, "germany": 0.09007130249430798, "wolfgang": 0.08997754802336343, "ezekiel": 0.08816555027409446, "http": 0.08144979955561991, "hundreds": 0.08144094197430402, "reuters department labor plans": 0.07739775090359657, "david betras": 0.07665754945178162, "representatives": 0.07528871306151684, "robert spencer": 0.07471827207222412, "beijing reuters": 0.07358714561144622, "marco rubio": 0.07273391185663058, "vehicles": 0.07220998124335293, "britain": 0.07212290830848513, "pennsylvania": 0.07181167245454906, "reuters treasury": 0.07101118112930432, "louis police": 0.06855775258462017, "allegations": 0.06824348364384872, "washington reuters coalition": 0.06754932717560136, "omar": 0.06717744501850878, "illinois": 0.06579878700144445, "negotiations": 0.06492147137495605, "massachusetts": 0.06430062933941372, "indian": 0.06400146517389853, "signs": 0.06340550978347892, "vermont": 0.06292290291312383, "washington": 0.060939643398106216, "protesters": 0.05999800906647579, "november atlantic": 0.05922851178895038, "kara novaco": 0.05829395118053071, "meetings": 0.05765657085851815, "washington reuters house": 0.056878024898954514, "craig": 0.05647375921253115, "julia": 0.05641735047268282, "geneva reuters": 0.05542913065631588, "hollywood": 0.05541966456803493, "david gutierrez": 0.05530866119619893, "senators": 0.05509458296814153, "milwaukee": 0.054950621799168056, "lloyd billingsley": 0.0546902614805731, "leaders": 0.05447317747947317, "london reuters": 0.05321606242824087, "gil kerlikowske": 0.05288875190430733, "westfield": 0.051925920547313625, "washington reuters new trade": 0.05084198860872256, "jim beam": 0.050824807499600305, "filipino": 0.04928543262014335, "planes": 0.04904049978133117, "bbc news": 0.048950682334331454, "oslo reuters": 0.04770613710624115, "newsweek one": 0.0476494158837113, "justin": 0.04725380775038006, "bloomberg regularly": 0.046486671570380986, "vilnius": 0.04577880591464539, "arguments": 0.04505708991200663, "jason sudeikis": 0.04424505879615026, "emmanuel macron": 0.04409097947163074, "november past two hours": 0.044004850118121996, "individuals": 0.043531667679417296, "munich reuters": 0.04334331076084052, "white house": 0.043156469593454594, "washington reuters supreme court": 0.04239676231317742, "texas": 0.04228399823786634, "angela merkel": 0.04174032211267331, "reuters panel": 0.04163568024505607, "washington reuters backlash": 0.04148814985213297, "kentucky": 0.04137585645366926, "hillary clinton": 0.04127430931823457, "washington reuters": 0.040783592346997466, "trump administration persistent": 0.04059383586464387, "kathryn": 0.040538080317422835, "romani": 0.04026312846690416, "washington reuters environmental protection agency": 0.040069698637330266, "justin linden": 0.03990006816013647, "demonstrations": 0.03940668056814254, "singapore seoul reuters": 0.039184701520160584, "beijing reuters america": 0.03908865265616401, "greta": 0.03884203841653289}