{"parenting": 0.7773530073463917, "waters": 0.6053688720421633, "released": 0.46580729249399155, "hillary": 0.42529177997494116, "cruz": 0.4109577818599064, "america": 0.3838269968982786, "bern": 0.3645100212206671, "hollywood": 0.32241325219456485, "sioux": 0.3204501687774293, "shows": 0.3149484151217621, "protesters": 0.28269488595833536, "describes": 0.2682114282652037, "lies": 0.2580321709974669, "knows": 0.2485272812191397, "orders": 0.23256580324232345, "syria": 0.2192760653665876, "protests": 0.21309133866232433, "mark levin sean": 0.21173308179277228, "donald trump": 0.21049100888922112, "spies": 0.20911214691659552, "says": 0.19504768916704052, "exported": 0.19214165305311326, "carey": 0.18950807955116034, "donald trumps": 0.1750482151063417, "surprised": 0.17387212997709867, "reilly": 0.1726845360826701, "elizabeth warren": 0.17206641865777783, "audio karl": 0.17160574852096033, "justin gardner": 0.1689474473532755, "lara": 0.168846507978742, "using": 0.16526185761904344, "rowe": 0.1646584318841633, "election century": 0.16307167342256434, "roads": 0.16034852939130934, "interviewed": 0.15842916062683798, "gets": 0.15809900010935962, "roberts": 0.15773875341447674, "appears": 0.1531686389963023, "americans": 0.1495556702109752, "tom cotton": 0.14898217841982841, "files": 0.1482741274312607, "seems": 0.14748888081521727, "indo": 0.14417270058766007, "testified": 0.14182180994418256, "eric blair": 0.13653224259996932, "years": 0.13450443451438332, "doesn": 0.1329728122709639, "students": 0.13219066229794407, "nails": 0.13110498449532315, "parts constantine cross": 0.1292317115391294, "girlfriend": 0.12896916005411185, "viewed": 0.1275185753693222, "jane goodall": 0.12659023146955709, "herr": 0.12396730660111643, "donald": 0.1235364278390989, "didn": 0.1207134997405644, "thoughts": 0.1198370828788029, "breaks": 0.11973266322820564, "begins": 0.11909935255659677, "bill clinton": 0.11889020894886926, "michael moore": 0.11874508060282096, "smiles": 0.11071623684256338, "syria filessupport": 0.1096380326832938, "gives": 0.10944447885412956, "ben carson": 0.10932416841387749, "holland": 0.10778168154502055, "libya": 0.1076795716383328, "friends": 0.10587462068845828, "logan": 0.10455116800100465, "supporters": 0.10342394165490987, "mainland": 0.103038852964346, "crazy group professional agitators": 0.1025520121329464, "gina mccarthy": 0.10244992422667565, "obama": 0.10022118044435047, "heard": 0.09986676588505361, "journalists": 0.09807095136329735, "saints": 0.09741247911006212, "cafe": 0.09705665459296142, "scripts": 0.09458718962239054, "debates": 0.09364115879652672, "curated": 0.09143529915672843, "julian": 0.09049682564943937, "john lester naval": 0.09039280904406229, "points": 0.08959348846474313, "democrats": 0.08907448600803036, "email": 0.08838777097536063, "invented": 0.08818063556100242, "cnn": 0.08690254033263045, "ready take": 0.0853114981437102, "messages": 0.08465275188791566, "houston": 0.08419091031464632, "princeton": 0.08415850112578482, "heated": 0.08138385660640779, "things": 0.07975420528294755, "riots": 0.07971193433695589, "women": 0.07964595955127152, "jeanine love": 0.07939150906167924, "wayne bradley": 0.07927118226389213, "girls": 0.07875483833049657, "prince abdullah": 0.07871436126774695}