{"crazy group professional agitators": 0.1025520121329464, "ready take": 0.0853114981437102, "pleased": 0.07095140644082676, "ironic": 0.051496981677701115, "bad venezuela": 0.048440530605148524, "fluke years": 0.04448590772562966, "islamic": 0.044382911211869214, "proud": 0.04239803741234244, "largest": 0.041806887599918414, "last week": 0.04102685752695834, "daily shooter century": 0.03399029521915902, "newest": 0.03398597062914632, "deeper": 0.030307321654011808, "last night": 0.02895499940495938, "anymore": 0.028315863031376568, "windy city": 0.027326854081479723, "almost years ago": 0.02655821827082556, "hispanic": 0.02458039736347928, "sino": 0.024485741524980564, "cuban": 0.0236055503827581, "past week": 0.02350041878526099, "frustrating": 0.022410082354003356, "greatest": 0.022069621148493708, "little month ago": 0.021883109858399852, "past years": 0.021632874032768777, "trent": 0.021518983767963195, "european": 0.021341293489067107, "saudi": 0.020721830068526157, "beyonce": 0.020636378997912656, "larger": 0.01986129312808771, "multi": 0.019419588105804342, "white ferguson": 0.018969669484680422, "less minute half pic twitter": 0.018022665218904877, "online": 0.017515227669779657, "christian": 0.017163806860723222, "recent weeks": 0.016900350901638515, "strongest": 0.016840946625961806, "arabic": 0.01673137138811095, "new head donald": 0.01668761345981871, "iraqi": 0.016438946978027745, "israeli": 0.01616009377681217, "kinda": 0.01571325777331367, "earlier week": 0.015646266422487287, "inner city": 0.015601881188558764, "hottest": 0.015408843244586024, "darker": 0.014876093577186111, "last several months": 0.01484625653696033, "earlier": 0.01448505963930382, "russian": 0.014321180219883049, "fewer": 0.013997678601299413, "worldwide": 0.013645887126562556, "nearly week": 0.013105578272028223, "next days": 0.0129234138094554, "earliest": 0.012775067094480619, "half hour": 0.012716133183857892, "stronger": 0.012697268407464435, "last year": 0.011771516450141625, "challenging": 0.01161141728516668, "next four years": 0.01145260848570615, "late night": 0.011325784103974001, "earlier month": 0.01103793392359789, "big fan": 0.010980692009814613, "next day": 0.010955046491951427, "finest": 0.010836869419637603, "several years": 0.010768121283198939, "past decade": 0.010341853515419643, "early ahead": 0.010302226419056145, "american spies": 0.010085098527745756, "richest": 0.009844758111285046, "nearly half": 0.009810330044951868, "lowest": 0.009770188034615584, "statewide": 0.009699377359563142, "last hours": 0.009657884120679227, "last minute": 0.009642449981608504, "third hour": 0.009606538071238901, "verbal gymnastics": 0.009589373260193193, "earlier year": 0.009301248912076213, "safer": 0.009245705179731181, "swiftly": 0.00923082303683196, "many weeks": 0.009223454230087327, "smallest": 0.009078002245587413, "past week days": 0.009004272503750375, "stroud area": 0.008979658235884494, "moody analytics": 0.008967640994123413, "meantime": 0.008917429825548388, "white selfie partner": 0.008878985987394117, "liga": 0.008860543082826008, "thicker": 0.008853248322598768, "hardest": 0.008824510423118926, "british": 0.008747544838115573, "wider": 0.008671837361115549, "cold war": 0.008468697720672935, "broader": 0.008446513706474586, "earlier tuesday": 0.008389402248378081, "first days": 0.008334134938195348, "electronically": 0.008232474641408772, "green party": 0.008222775989382241, "robotic": 0.008171984748975313, "nearly billion": 0.00814318535138865, "fastest": 0.00812176892779664}