{"edited": 0.34067716827730216, "destroys": 0.2981467185963993, "failed": 0.15854971862217423, "frustrated": 0.07678150321225985, "predicted": 0.07395618404989364, "anticipating": 0.07311344013809874, "email": 0.0721169552359002, "wondered": 0.06832232039232622, "showed": 0.06517213742121049, "dmitry": 0.0556017635744952, "interpreted": 0.05526897234453594, "approved": 0.05374801623474923, "reported": 0.0516086873635208, "campaigning": 0.0480952386642457, "served": 0.045780895750881304, "votes": 0.044177188016995265, "decides": 0.04400535564248761, "proposed": 0.041490144217350464, "estimated": 0.039284263116618, "shortened": 0.03788980531195799, "describing": 0.03783905980849846, "insisting": 0.036538314959034326, "voted": 0.03643028819533356, "drives": 0.03453535967616036, "fleeing": 0.03414210469701276, "joking": 0.033040442678611726, "obtained": 0.032761031311626235, "boosted": 0.03242181282904413, "looked": 0.030655263405707147, "released": 0.03017765673575923, "claims": 0.029573438689112663, "heads": 0.0283877291456065, "continues": 0.02824281738139689, "imposed": 0.027772044064477086, "expired": 0.027645022962242364, "defended": 0.027510486066603335, "referring": 0.027091536205261946, "passed": 0.0267108309926698, "asking": 0.025766914544094886, "salvador": 0.025565243519649103, "signaled": 0.025018993415869772, "controlled": 0.024721805690971547, "issued": 0.024519451148808002, "moved": 0.023809379368753138, "heard": 0.023742305318592116, "announced": 0.023649407740633347, "verified": 0.02339515472321134, "adding": 0.02330269619622933, "contains": 0.022914912943777285, "promised": 0.022646040797118346, "held": 0.02262344705798712, "putting": 0.02250174189052178, "boer": 0.022062031790278012, "competing": 0.02187652311840793, "described": 0.021620323929678775, "pretending": 0.021524762051800886, "replied": 0.02121825777359453, "republished": 0.02115434123831316, "jared": 0.02090712683890513, "sends": 0.02082218654686585, "wanted": 0.020676925061986998, "giggles": 0.020490598778423824, "hits": 0.020455785942348568, "captured": 0.020179653034678526, "preparing": 0.020007623019270025, "became": 0.01978591550141573, "steps": 0.01978570000292399, "declaring": 0.019648175111797173, "considers": 0.019227780197979882, "compared": 0.019078097938321496, "ruled": 0.018783897459717532, "addressed": 0.01859714517883572, "means": 0.018504859879612923, "leaked": 0.01839389888537973, "accusing": 0.01809896957720556, "threatened": 0.01784125741940888, "published": 0.01766948231185476, "uber": 0.01763951857726461, "concluded": 0.01756449405931764, "sprayed": 0.017517760682564516, "cited": 0.017426583623146696, "believes": 0.017285130201152674, "regarded": 0.017268878939960684, "visited": 0.017020533815957604, "aired": 0.0168937767521129, "warned": 0.01684654505763163, "developed": 0.016834689304232597, "paid": 0.016788342701537267, "stressed": 0.016677211970090866, "arrived": 0.016470652915574986, "reporting": 0.01646484757463137, "ousted": 0.016419310867786408, "contacted": 0.01639210086478482, "informing": 0.0162651173149546, "helped": 0.016260160594002197, "accessed": 0.016076980531215666, "pulled": 0.016058592105527285, "shows": 0.015869681221934467, "lies": 0.01584847007567684, "named": 0.015834745205938815}