{"waters": 0.6053688720421633, "hillary": 0.42529177997494116, "cruz": 0.4109577818599064, "america": 0.3838269968982786, "bern": 0.3645100212206671, "hollywood": 0.32241325219456485, "sioux": 0.3204501687774293, "protesters": 0.28269488595833536, "orders": 0.23256580324232345, "syria": 0.2192760653665876, "protests": 0.21309133866232433, "mark levin sean": 0.21173308179277228, "donald trump": 0.21049100888922112, "spies": 0.20911214691659552, "carey": 0.18950807955116034, "donald trumps": 0.1750482151063417, "reilly": 0.1726845360826701, "elizabeth warren": 0.17206641865777783, "audio karl": 0.17160574852096033, "justin gardner": 0.1689474473532755, "lara": 0.168846507978742, "rowe": 0.1646584318841633, "election century": 0.16307167342256434, "roads": 0.16034852939130934, "roberts": 0.15773875341447674, "americans": 0.1495556702109752, "tom cotton": 0.14898217841982841, "files": 0.1482741274312607, "indo": 0.14417270058766007, "eric blair": 0.13653224259996932, "years": 0.13450443451438332, "students": 0.13219066229794407, "nails": 0.13110498449532315, "parts constantine cross": 0.1292317115391294, "girlfriend": 0.12896916005411185, "jane goodall": 0.12659023146955709, "herr": 0.12396730660111643, "donald": 0.1235364278390989, "thoughts": 0.1198370828788029, "bill clinton": 0.11889020894886926, "michael moore": 0.11874508060282096, "syria filessupport": 0.1096380326832938, "ben carson": 0.10932416841387749, "holland": 0.10778168154502055, "friends": 0.10587462068845828, "logan": 0.10455116800100465, "supporters": 0.10342394165490987, "mainland": 0.103038852964346, "gina mccarthy": 0.10244992422667565, "obama": 0.10022118044435047, "journalists": 0.09807095136329735, "saints": 0.09741247911006212, "cafe": 0.09705665459296142, "scripts": 0.09458718962239054, "debates": 0.09364115879652672, "julian": 0.09049682564943937, "john lester naval": 0.09039280904406229, "democrats": 0.08907448600803036, "cnn": 0.08690254033263045, "messages": 0.08465275188791566, "houston": 0.08419091031464632, "princeton": 0.08415850112578482, "things": 0.07975420528294755, "riots": 0.07971193433695589, "women": 0.07964595955127152, "jeanine love": 0.07939150906167924, "wayne bradley": 0.07927118226389213, "girls": 0.07875483833049657, "prince abdullah": 0.07871436126774695, "flashback": 0.07854258706447581, "hugh": 0.07812294769064465, "hands": 0.07805312442360446, "hebrew": 0.07769348658621311, "liberals": 0.07761873704224681, "cops": 0.07718344954628265, "credits": 0.07360512925411708, "relics": 0.07339837960898876, "canadian": 0.07329249440681451, "reuters": 0.07074704680409076, "kids": 0.07057807466480881, "ronald reagan": 0.07032133168831933, "shots": 0.07032002642154112, "hillary clinton": 0.07022317639662519, "intel": 0.06917430637194129, "colleges": 0.06879279162239982, "harry reid": 0.06858734786510468, "trump filessupport": 0.06520615605051464, "washington": 0.06498453763197176, "bernie sanders": 0.06469254517287482, "obama filessupport": 0.06435209077270493, "north carolina": 0.06408419051331293, "reporters": 0.06378424051149523, "arizona": 0.0637174210748223, "rubio christie": 0.06351993871794548, "cia russia beliefs": 0.0633565504917286, "gettysburg": 0.06305974330219517, "campaigns": 0.06296984991058707, "edward snowden": 0.06243077683552656, "nobel": 0.06194583907444726, "fans": 0.061883223552285926}