{"beyonce": 0.08841043746963675, "largest": 0.08700868071381203, "russian": 0.06734370114281774, "last year": 0.049060067889940766, "british": 0.04342105074209117, "israeli": 0.042531033691458026, "many years ago": 0.032239418640832206, "earlier": 0.02893859357178464, "late last year": 0.028550490426520508, "late october": 0.026699051387883248, "lebanese": 0.025934549048542976, "european": 0.02468539751772705, "kinda": 0.024017405090670886, "late thursday": 0.01882415854682525, "saudi": 0.01870035077445209, "iraqi": 0.017284877066101347, "late last month": 0.01652918510963438, "earlier month": 0.015957876131123407, "approximately two hundred": 0.014333395597835382, "earliest": 0.014057213673368096, "next week": 0.013549163316686947, "turkish city": 0.01348973126815898, "lowest": 0.013249375610886252, "carly": 0.012952725382314787, "bayern": 0.012671589013189077, "polish romanian turkish": 0.012314235873701741, "last fall": 0.012186799948621128, "multi": 0.012078527982036272, "ukrainian": 0.012054180027917027, "australian": 0.011924446444027126, "tegucigalpa reuters": 0.011627256870269775, "early month": 0.011612423074742159, "nearly nine": 0.011199319300552209, "late tuesday": 0.010980727151036263, "last month": 0.010669137770310044, "last week": 0.01045001019231694, "norwegian nobel": 0.010210769205335892, "early one morning": 0.009477096400304516, "mid july": 0.009227677097763209, "strongest": 0.009170968205957064, "early morning": 0.009075927654323367, "later tuesday": 0.009072742179820412, "earlier week": 0.008937326072990685, "finally days": 0.008697218119777972, "online": 0.00855176616460085, "past two weeks": 0.00845516569939725, "late november": 0.008203458920535114, "greatest": 0.008106803953102449, "nearly dozen": 0.007959283257943308, "later thursday": 0.007931318134069443, "later friday": 0.007913651410490274, "islamic": 0.007906934512513024, "next month": 0.007804567325446342, "stronger": 0.007801370695233345, "foreign ministry": 0.007729775249094995, "caribbean island": 0.00771663368990024, "korean": 0.0074652682398320055, "coming days": 0.007195243207676397, "spartan": 0.00718279567566545, "new day": 0.007136997141060419, "general assembly met": 0.006994772684716043, "bosnian": 0.006966564034962136, "federal court": 0.006946635339409113, "nearly years ago": 0.006940069274378402, "last weekend": 0.006867993623018265, "slovenian railroad": 0.006860817192743222, "hispanic": 0.006709865294396877, "last thursday": 0.006603628984453705, "deeper": 0.006593444699362691, "last summer": 0.006562316597535692, "last minute": 0.006551005622191775, "asian": 0.006549183787270026, "christian": 0.006532170106139448, "green minded": 0.006493560024424486, "earlier day": 0.0064749663519374666, "sudanese": 0.006437484846244772, "oldest": 0.006415662942109285, "earlier thursday": 0.00626178966008855, "south korean": 0.006223865784704685, "late evening": 0.00621396057041628, "pleased": 0.006193587556481361, "earlier year": 0.006187614071397827, "several years ago": 0.006167013612058428, "spanish": 0.006150187431451152, "later month": 0.006113639450632036, "half century": 0.005999214357386033, "several hundred": 0.005976829189984571, "challenging": 0.005976135623367394, "last month years": 0.0059431538067305665, "late sunday": 0.005935530426304097, "korean air": 0.005905458928858923, "later wednesday": 0.005899606178375497, "next july": 0.005885296128167206, "recent years": 0.005876385167034136, "earlier wednesday": 0.00586897634812409, "nepali": 0.005797517432698181, "eastern province": 0.005751630015272115, "tenth anniversary september": 0.005668418614498405, "northern sea": 0.005635263863950968, "previous day": 0.005594140901895507}